{"max": [-1.58696, 8.48, 8.86498], "centroid": [-4.202712609699786, 0.3460857644341865, 5.638001801385681], "id": "575eb48e4bf8f7b4cccc2bf504407f19", "numVertices": 866, "min": [-6.88976, -3.5, 1.45816]}
