{"max": [0.0573756, 0.892418, 0.0542902], "centroid": [-0.16661743507733912, 0.43936636066862506, -0.25452282249130265], "id": "11c9c57efad0b5ec297936c81e7f6629", "numVertices": 502, "min": [-0.392624, 2.98023e-08, -0.535265]}
