{"max": [-0.039628, 0.822245, 1.06804], "centroid": [-0.32866375813953597, 0.32735184883720947, 0.4710918220930239], "id": "cb17f1916ade6e005d5f1108744f02f1", "numVertices": 860, "min": [-0.609628, -0.004409, -0.215863]}
