{"max": [-15.3907, 1.33855, 6.90279], "centroid": [-16.066252084944974, 0.9895794102128452, 6.665325466926614], "id": "f736f06f8fd04e1119fb4103277a6b93", "numVertices": 59474, "min": [-16.7988, 0.565863, 6.20868]}
