{"max": [0.0508, 0.5588, 0.0], "centroid": [-0.9362550035203505, 0.29956678518787244, -0.9849754440552746], "id": "8589909841fbc75a11099baf02792d0b", "numVertices": 16500, "min": [-1.9304, 0.0, -2.0828]}
