{"max": [-0.665628, 0.6731, 1.74143], "centroid": [-1.2847330860534119, 0.5964854599406498, 1.2778196132542072], "id": "8106aef3eb88f9e4578defb131c3ea1d", "numVertices": 1011, "min": [-1.90384, 0.0, 0.92229]}
