{"max": [0.01, 0.77, 0.0], "centroid": [-0.17333646023310048, 0.4924722540792596, -0.1458110555522171], "id": "25957008f839ef647abe6643657b8aec", "numVertices": 858, "min": [-0.39, 0.0, -0.382284]}
