{"max": [1.10398, 0.716, 0.975112], "centroid": [0.5028861073170728, 0.366816845121951, 0.3915898439024395], "id": "679d57762f6ae711b282e6ae268fb5a7", "numVertices": 164, "min": [-0.0994781, 0.0, -0.201012]}
