{"max": [-22.3807, 6.83667, 30.815], "centroid": [-32.97001234884578, 1.3091565313301474, 24.878524074752804], "id": "7f0a1abbf748d3b09a91829e64097423", "numVertices": 2729, "min": [-43.6096, -4.85722, 20.1118]}
