{"max": [2.2, 0.8, 0.0], "centroid": [1.1000000908888854, 0.40457036603142305, -0.5173435297418567], "id": "c6f1601208aa5e72cde6b082a301e49c", "numVertices": 3564, "min": [0.0, -0.1, -1.0]}
