{"max": [0.0, 0.0508, 0.597227], "centroid": [-0.46037218246861916, -0.11745643806136685, 0.013146130555090518], "id": "d06b3f46fd5a901d4854921d37f7e048", "numVertices": 1434, "min": [-1.36525, -0.6096, -0.164724]}
