{"max": [0.0, 0.7239, 0.771525], "centroid": [-0.6943853018424254, 0.48667183375828144, 0.13824005107445114], "id": "8ad1486390608fb936da5f8a6c22b2dd", "numVertices": 3922, "min": [-1.53035, 0.0, 0.0]}
