{"max": [1.85075, 0.842809, 5.93637], "centroid": [-0.2365476465073528, 0.4133005294117651, 4.352643014705881], "id": "4fbadccbdd689b18b8708912bd92e115", "numVertices": 544, "min": [-2.31481, 0.0, 3.15962]}
