{"max": [-0.0014604, 1.07123, 2.72875], "centroid": [-0.40171867692307683, 0.5457712527472527, 2.361358351648352], "id": "43c99f65e19e5c657746f1e767f87dbb", "numVertices": 91, "min": [-0.80446, 0.0, 1.82375]}
