{"max": [-3.38252, 1.1532, 7.18341], "centroid": [-4.2715025602409495, 0.7472825544714403, 6.730974322289143], "id": "9f4447e8dd345d33d68f196c7607adb9", "numVertices": 1328, "min": [-6.07532, -0.032778, 5.26651]}
