{"max": [7.82404, 0.735845, 10.3688], "centroid": [7.426247128205121, 0.013178355145299329, 10.0335594017094], "id": "5857dfefaa1b6d071d9fd76961a98198", "numVertices": 585, "min": [7.06464, -0.768559, 9.54773]}
