{"max": [2.38419e-07, 0.14, 0.0], "centroid": [-0.5005961208839154, -0.05113118014184454, -0.5067261007801429], "id": "203d58d26d1546994b7b33169889d14c", "numVertices": 2820, "min": [-1.0, -0.265685, -1.0]}
