{"max": [0.0, 0.34, 0.85], "centroid": [-0.6081112839027671, 0.08345333395206467, 0.42455305661737985], "id": "aa2b82f576f3df62f51f77a6d7299806", "numVertices": 5883, "min": [-1.22, 0.0, 0.0]}
