{"max": [-4.36843, 1.4571, 6.1341], "centroid": [-5.300320246852721, 0.5978340284792155, 5.853197934517454], "id": "19ecbf9af52ad3fdc3bd24f986301745", "numVertices": 40591, "min": [-6.20748, 0.0, 4.01258]}
