{"max": [0.0, 0.85656, 2.46457], "centroid": [-2.1353441505376347, 0.3133461075268821, 1.5328912451612902], "id": "3561da3d136b4deba023804ba421cf6b", "numVertices": 186, "min": [-3.38034, 0.0, 0.0]}
