{"max": [0.0, 0.460266, 0.0], "centroid": [-0.575319676935065, 0.3319612012987015, -0.2856276542077921], "id": "dd8693cd2fbb5a0c7d0efae8dc996b9e", "numVertices": 154, "min": [-1.2192, 0.0, -0.6096]}
