{"max": [1.74208, 0.93345, 0.2032], "centroid": [0.9549395212435227, 0.6983538808290155, -0.4191489318134719], "id": "3a7fb4cf118c30d36f3d2b1b15fba494", "numVertices": 193, "min": [0.0254, 0.0, -0.955675]}
