{"max": [-0.298863, 2.10524, 2.27489], "centroid": [-3.1882590474406958, 1.1418227785268416, 0.7598358918851469], "id": "1bce3a3061de03251009233434be6ec0", "numVertices": 801, "min": [-6.07766, 0.0976446, -0.140614]}
