{"max": [0.404972, 0.751003, 0.467708], "centroid": [-0.10775735142704168, 0.598717798375482, 0.002162786639746701], "id": "9be919e0f9243b9beaf288f952624966", "numVertices": 14844, "min": [-1.595, 1.7526e-06, -0.417252]}
