{"max": [2.19416, 0.890229, 1.09425], "centroid": [0.0875903445204127, 0.547175884629225, -0.03547840436608685], "id": "bc72ab493655beb5d329896bbf26eda9", "numVertices": 5119, "min": [-1.35884, -1.217e-06, -1.80876]}
