{"max": [0.0, 0.817157, 0.954759], "centroid": [-0.9788983621409869, 0.29933237399477874, 0.5512146640731085], "id": "13b9cc6c187edb98afd316e82119b42", "numVertices": 766, "min": [-1.908, 0.0, 0.0]}
