{"max": [3.232, 0.717592, 2.415], "centroid": [1.4061488861274514, 0.3965787191503254, 1.6319337350012917], "id": "dca3a1737e2e3c5c6d0fc9460109eda7", "numVertices": 1224, "min": [0.0, 0.0, -5.96046e-08]}
