{"max": [-0.285704, 0.7, -0.332556], "centroid": [-1.8817033955223872, 0.6258208947014915, -1.0597302985074661], "id": "e435c1e3430eb7b253fa79783efbc3bf", "numVertices": 1072, "min": [-3.4777, 0.0, -1.7869]}
