{"max": [0.162021, 0.8, 1.73798], "centroid": [-1.4221304339981258, 0.422330492654258, 1.1278000158432113], "id": "d08fc6f10d07dfd8c05575120a46cd3b", "numVertices": 1021, "min": [-3.13798, 0.0, -0.012021]}
