{"max": [1.02571, 0.05715, -0.704547], "centroid": [0.10899143104384576, 0.0018920103410197046, -1.2387399002923045], "id": "c4ee00c87688f3b0b161476a346db176", "numVertices": 3079, "min": [-0.805535, -0.557538, -1.7718]}
