{"max": [-1.32059, 0.7874, -4.58087], "centroid": [-2.0096733520272294, 0.3722031804759316, -4.965351296703271], "id": "90c8ae65e3ec4ef119fb4103277a6b93", "numVertices": 13195, "min": [-2.73029, -0.00039812, -5.38469]}
