{"max": [43.9117, 25.6603, 25.2037], "centroid": [6.312979434192991, 13.823085561818239, 9.589075564564004], "id": "8112da888f66bbf3c1a52e5a697bb944", "numVertices": 5390, "min": [-38.6111, -0.371941, -25.8093]}
