{"max": [2.50811, 0.890198, -0.00179], "centroid": [0.8542457265625006, 0.34689884375000085, -0.99242277734375], "id": "ad0e50d6f1e9a16aefc579970fcfc006", "numVertices": 512, "min": [0.05813, 0.0, -2.40948]}
