{"max": [1.58024, 0.608012, 3.01339], "centroid": [0.5358051492537315, 0.26440179104477624, 2.5620646268656717], "id": "fa7a5f65c561d9d2fc43dee2a1d6272c", "numVertices": 67, "min": [-0.553363, 0.0, 2.2498]}
