{"max": [1.24568, 0.544553, -7.54446], "centroid": [0.8717780944716588, 0.2574364281147664, -8.212730769769074], "id": "4dff2fded7130c631a8db2c23945f1fa", "numVertices": 1429, "min": [0.526448, -0.179492, -8.68616]}
