{"max": [-0.517178, 0.922569, 1.41571], "centroid": [-1.5804390321888393, 0.5366255682403442, 0.9500748111587979], "id": "57e1cdb6f179cbdb98e0d1738edd4f19", "numVertices": 932, "min": [-2.65078, 0.0, 0.501312]}
