{"max": [0.0, 1.17921, 1.621], "centroid": [-1.427076344738, 0.6571907627838097, 1.161610895199221], "id": "4146cfb4fce9055bf51f77a6d7299806", "numVertices": 3187, "min": [-3.06, 0.0, 0.0]}
