{"max": [1.77255, 0.473075, 0.181028], "centroid": [1.0177514634146312, 0.40760006660413267, -0.333149214454034], "id": "8381dcc6adaa7752b7d9d23574a480ae", "numVertices": 1066, "min": [0.100293, 0.0, -0.860533]}
