{"max": [0.777277, 1.0518, 0.312838], "centroid": [0.3803598795000017, 0.4101670350580001, -0.43633047019999927], "id": "434405216f00c9654b0375f3afdcad10", "numVertices": 400, "min": [-0.0172468, -0.00306044, -1.13221]}
