{"max": [0.0454962, 1.78953, 2.82045], "centroid": [-1.2120110537115838, 0.6203078184397173, 2.0884831542546123], "id": "a2499fdc5535875087693c0a016606d4", "numVertices": 846, "min": [-2.47278, 0.0, -0.00142519]}
