{"max": [0.01, 0.790851, 0.94], "centroid": [-1.607507191448533, 0.4160033629206836, 0.16765331489864588], "id": "5192e47e1e8267068907728f92c46d69", "numVertices": 20324, "min": [-3.09, 0.0, -1.06]}
