{"max": [0.0, 0.883995, 2.42331], "centroid": [-0.9090789687174134, 0.5029624629822728, 1.709844547445255], "id": "6a6c10088c857de114038d588fd1342f", "numVertices": 959, "min": [-2.56, 0.0, 0.0]}
