{"max": [7.45058e-08, 0.909744, 1.73636], "centroid": [-1.449680474988395, 0.5097471400565934, 1.1542798424281313], "id": "12cd30f7f83f441dc13b22d2a852f9c2", "numVertices": 30125, "min": [-2.69251, 9.77889e-09, 7.45058e-09]}
