{"max": [3.44806, 0.919163, -0.089345], "centroid": [1.7691681988317753, 0.6810747616822433, -1.2374453682242994], "id": "a8a68d6e43cc0e094fde46457697d80", "numVertices": 428, "min": [0.0928541, 0.0, -2.37079]}
