{"max": [1.6, 0.68, 0.0], "centroid": [0.7966356609442048, 0.30661636051502184, -0.5486180257510737], "id": "a19aacbd84e0ddd92bf36b92481c5940", "numVertices": 233, "min": [0.0, 0.0, -0.92]}
