{"max": [0.916284, 9.44245, 5.20696], "centroid": [-2.6779690062330563, 0.4184917913279089, 3.1423568617886195], "id": "b8f2712e8330ba6b3c9fe3a963c6d73b", "numVertices": 738, "min": [-6.41266, -5.1435, 0.0]}
