{"max": [10.766, 6.4533, 0.0602651], "centroid": [3.5859007713004454, 2.1935279500448446, -2.893892786098657], "id": "e428b7d6634444a910bed4209a0dd8ed", "numVertices": 223, "min": [0.0, 0.0, -3.6911]}
