{"max": [0.0, 0.866579, 2.24691], "centroid": [-1.9583152283762244, 0.532347351901294, 1.304690493216018], "id": "23cb1d667213c3a7e897e87345fc323b", "numVertices": 9888, "min": [-2.60184, 0.0, 0.0]}
