{"max": [0.0, 0.796884, 0.74295], "centroid": [-0.3621191498395056, 0.5182195234567883, 0.4329116980864178], "id": "17b77403b80de623f1783a44a88d6274", "numVertices": 810, "min": [-0.7239, 0.0, 0.0]}
