{"max": [-4.2921, 1.4571, 6.1341], "centroid": [-5.276091793335821, 0.7290247237120239, 5.36662161737177], "id": "2cc7c1f0c903278bc3bd24f986301745", "numVertices": 2671, "min": [-6.26228, -3.81e-07, 4.0005]}
