{"max": [-0.00487387, 0.825705, 1.0214], "centroid": [-1.0153169816929133, 0.6024343700787396, 0.6619462511811012], "id": "89e00bb2b82e9e86c036a40816608369", "numVertices": 254, "min": [-2.02576, 0.0, -0.005077]}
