{"max": [0.5, 0.37, 0.5], "centroid": [-0.004065381755852794, 0.32733910702146224, -0.010791506387959903], "id": "87ff92c179ed5ed292f4c88fd91c6b1b", "numVertices": 299, "min": [-0.5, -8.3819e-09, -0.5]}
