{"max": [0.00504911, 0.900043, 0.947143], "centroid": [-1.1537345304973479, 0.452265228923252, 0.5028881644737763], "id": "7833d94635b755793adc3470b30138f3", "numVertices": 1697, "min": [-2.29379, -8.40519e-08, -0.00293818]}
