{"max": [0.003286, 0.907853, 2.56381], "centroid": [-2.0759126346601695, 0.5458487501940371, 2.0651925989577746], "id": "b53a3566842e12b290a9ce3e4b15521e", "numVertices": 9019, "min": [-3.4239, -0.012961, -0.01795]}
