{"max": [1.26813, 1.0287, 1.30016], "centroid": [0.4944496431996533, 0.4217677530273558, 0.6870215235218036], "id": "a232eec747955695609e2d916fa0da27", "numVertices": 4533, "min": [-0.273328, 0.0, -1.19209e-07]}
