{"max": [-4.011, 1.05675, -4.32032], "centroid": [-4.338045952118872, 0.631012397757292, -4.472727355531078], "id": "e76b4872f067395988dc0b76b0c63f53", "numVertices": 7268, "min": [-4.62629, 0.0167406, -4.89854]}
