{"max": [0.0, 0.805123, 0.0], "centroid": [-1.0659222775078327, 0.41813174560628313, -0.41815082853607993], "id": "cf651c9562d9267032a526e2e9a7e9ae", "numVertices": 10185, "min": [-2.15, 0.0, -1.5]}
