{"max": [0.041507, 0.944995, 0.774501], "centroid": [-0.36514557656619023, 0.11841391360371158, 0.389187321753793], "id": "2d808b6451253b7e7c7920f6a65a54d", "numVertices": 4744, "min": [-0.787297, -0.00319, -0.006706]}
