{"max": [8.90831, 0.908806, -1.4272], "centroid": [5.85746519003747, -0.5451832482963883, -3.7969268379882593], "id": "15fd9085d9aaa0fa43ed4f51d7ae210f", "numVertices": 20838, "min": [2.80227, -2.9859, -7.27614]}
