{"max": [-2.51345, 0.788832, 1.02545], "centroid": [-3.125228355427766, 0.21785115919815282, 0.6732665941222563], "id": "fa5bb6d18535f66219fb4103277a6b93", "numVertices": 26779, "min": [-3.73084, 0.0, 0.275219]}
