{"max": [0.016776, 0.814549, 0.523161], "centroid": [-0.24867267041520227, 0.3760036093809971, 0.2893580427553445], "id": "4eed9ad9465482d543b9eef399a0841d", "numVertices": 421, "min": [-0.486676, -0.00110589, -0.01905]}
