{"max": [-1.15099, 0.9591, 0.854356], "centroid": [-3.1197243973871407, 0.5005276445840133, 0.08990841123528867], "id": "bed08d3f3d82bd2f37b2bb75885cfc44", "numVertices": 13931, "min": [-4.53686, -0.012646, -1.43537]}
