{"max": [0.8108, 0.3645, 0.664239], "centroid": [0.2876624347826081, -0.29740205893733945, -0.06506539181585479], "id": "d12b589d464fab1862ba5d2f24e5abbc", "numVertices": 3128, "min": [-1.88239, -0.74235, -0.1]}
