{"max": [0.635, 0.8128, 0.9398], "centroid": [0.3123155999545453, -0.1124503830681817, 0.5186133103863627], "id": "3d23d594355c65d9376f771510e6da27", "numVertices": 440, "min": [-0.0254, -0.4572, -0.0254]}
