{"max": [1.22747, 0.43745, 0.0], "centroid": [0.6137352728723421, 0.07878358723404236, -0.28003633028191466], "id": "baf006da82e4007a2d79e73bf7425e50", "numVertices": 752, "min": [0.0, 0.0, -0.5588]}
