{"max": [-0.0419303, 0.78, -1.18195], "centroid": [-1.1696744159887806, 0.455201810939689, -1.6374350210378703], "id": "86c467981ec229909b21a1a3552b6ab7", "numVertices": 713, "min": [-1.64193, 0.0, -1.76195]}
