{"max": [0.0, 2.29308, 0.0731676], "centroid": [-0.5715003124999994, 1.414783041800001, -0.37680575299999974], "id": "67fe832a22b91e6c54ddc93d2b7d3d65", "numVertices": 400, "min": [-1.143, 0.00110124, -1.21617]}
