{"max": [1.1651, 0.4826, 0.4826], "centroid": [0.6864588456973303, 0.2548724035608313, 0.0005165281899109828], "id": "2fe5bbb0df6925d1f12d7184a2ad3430", "numVertices": 337, "min": [0.199899, 0.0, -0.4826]}
