{"max": [0.559531, 1.21516, 0.0], "centroid": [0.2854479352428395, 0.8678613599003733, -0.10090220647571595], "id": "397a5fd0a95a17e4dd2be59fe725394a", "numVertices": 803, "min": [0.0, 0.0, -0.578287]}
