{"max": [0.013, 0.95, 0.013], "centroid": [-0.2501530714171728, 0.3127849332059936, -0.22983422454110772], "id": "bbba083270a2b0d031d7d27dc50ba701", "numVertices": 3104, "min": [-0.513, -0.00999992, -0.51]}
