{"max": [0.434244, 1.14303, -1.73884], "centroid": [-0.05588405792163547, 0.7345038892674614, -2.2310311413969286], "id": "d5d4dfb9e6901b66a3f22b4b00de6dfb", "numVertices": 587, "min": [-0.571596, 0.226969, -2.78118]}
