{"max": [-0.000623, 0.93307, 0.628986], "centroid": [-0.2624041378586428, 0.42787859622113417, 0.3750330041987408], "id": "447e5db7c84797272127b77d9c9dbf6a", "numVertices": 1429, "min": [-0.524185, 0.0, 0.038986]}
