{"max": [0.00176807, 0.933208, 0.9652], "centroid": [-1.1156395935634913, 0.5846566824926466, 0.37788562985992574], "id": "36d4a1a290c541aa21d25a6a55757584", "numVertices": 5440, "min": [-2.23697, 0.0, -0.0186571]}
