{"max": [0.0, 0.904141, 2.42365], "centroid": [-0.8963123528205164, 0.5050035846153837, 1.707027230769229], "id": "3637b0d6db204c0414038d588fd1342f", "numVertices": 975, "min": [-2.56753, 0.0, 0.0]}
