{"max": [0.0, 0.89718, 0.0], "centroid": [-1.0348302604827353, 0.41396033280592104, -0.8237978105172394], "id": "c3cb7d181b205d58a72e1f459869ef30", "numVertices": 16116, "min": [-2.91319, 0.0, -2.68277]}
