{"max": [-1.28524, 1.61628, 1.44218], "centroid": [-1.642391819803748, 1.0012185709188217, 1.0899633345227466], "id": "33334eb57a9d7bbba19d006f28e25379", "numVertices": 1121, "min": [-1.93522, 0.766902, 0.726479]}
