{"max": [3.01055, 0.855235, 1.79869], "centroid": [1.3180515583446832, 0.28355892455382103, 1.1005966242182088], "id": "b55c43cbec762a54eaf14273fa406ffc", "numVertices": 7658, "min": [3.05474e-07, 2.25202e-09, 3.14321e-09]}
