{"max": [0.0149583, 1.018, 0.000242337], "centroid": [-0.678159134539876, 0.8003876319018407, -0.6708191824294478], "id": "836157300c030c9a246b9f2ca347e8e3", "numVertices": 163, "min": [-1.39204, 0.0, -1.37611]}
