{"max": [2.4, 1.16502, 1.1], "centroid": [1.400981380503143, 0.8432927169811324, 0.6476695320715412], "id": "951a9c85494b53993c2e50348f23d3d", "numVertices": 1272, "min": [-1e-09, 0.0, -4e-09]}
