{"max": [0.784225, 1.1241, 1.2954], "centroid": [0.39429868859700756, 0.47169743821396176, 0.8285575539845859], "id": "ce159c7d983d74136ba14bfd91a75020", "numVertices": 4412, "min": [0.0, 0.0, -0.257732]}
