{"max": [-0.666363, 0.78762, -4.5217], "centroid": [-0.9997606000473551, 0.44412566744447246, -4.836294258820743], "id": "ea918174759a2079e83221ad0d21775", "numVertices": 8446, "min": [-1.33763, 0.0, -5.25153]}
