{"max": [21.3454, 0.547361, 12.442], "centroid": [20.668859386973203, 0.49037216475095585, 12.129984674329487], "id": "1686831b1e585dd9729c5ef452d153c3", "numVertices": 261, "min": [20.0301, 0.0, 11.792]}
