{"max": [1.3462, 0.36322, 0.0], "centroid": [0.8350249999999998, 0.2080950083333334, -0.3884431958333334], "id": "2eb503dde3cc027d86c701087a194026", "numVertices": 48, "min": [0.0, 0.0, -0.8382]}
