{"max": [-0.972755, 0.874022, -3.336], "centroid": [-1.3413626011622624, 0.3578510123699776, -3.5996637598062655], "id": "3b606ca14c5f968319fb4103277a6b93", "numVertices": 10325, "min": [-1.70997, 0.0, -4.0425]}
