{"max": [-0.752558, 0.954593, -1.16577], "centroid": [-0.9757065909810095, 0.5866298855063299, -1.2592347784810174], "id": "55185010b0b6e42eb98f36033d4304b1", "numVertices": 1264, "min": [-1.19922, 0.0, -1.51324]}
