{"max": [0.0, 0.883805, 0.95], "centroid": [-0.9756594021164021, 0.5030338994708992, 0.5593739021164024], "id": "645aa5c32b9fe34014038d588fd1342f", "numVertices": 378, "min": [-1.93, 0.0, 0.0]}
