{"max": [-2.95295, 0.5715, -5.35116], "centroid": [-3.1781589250225992, 0.26301341246070536, -5.499836138211371], "id": "408b03db5a9972cac3bd24f986301745", "numVertices": 2214, "min": [-3.41491, 0.0, -5.79566]}
