{"max": [0.0, 1.04, 0.6], "centroid": [-0.6769409560117323, 0.8057407507331381, 0.4052157888563047], "id": "a30eb4a16f30f29498648daf3d784f2f", "numVertices": 341, "min": [-1.35, 0.0, -0.07]}
