{"max": [-4.30258, 0.825502, 2.03181], "centroid": [-4.608647356768062, 0.540709798111233, 1.8378828289611733], "id": "f58ac8ac63d5a52d19fb4103277a6b93", "numVertices": 9530, "min": [-4.91568, 0.0, 1.36257]}
