{"max": [1.34246, 0.484187, 1.45106], "centroid": [0.7220874384180761, 0.3260293740112982, 1.1356357977401155], "id": "15ec20de98359ec88de7bcb173109d60", "numVertices": 885, "min": [0.185994, 0.0, 0.797633]}
