{"max": [0.0709382, 0.816697, 0.739618], "centroid": [-0.2743267945218325, 0.5271561231011003, 0.5915610680460943], "id": "11040f463a3895019fb4103277a6b93", "numVertices": 7636, "min": [-0.619592, 0.0, 0.0939859]}
