{"max": [-0.96919, 0.39, 1.45372], "centroid": [-1.3628413015873, 0.20920634920634934, 1.1473718412698413], "id": "33c9515dc8f887bc664b3b9b23ddfcbc", "numVertices": 63, "min": [-1.76919, 0.0, 0.843721]}
