{"max": [0.0, 0.895953, 1.16], "centroid": [-1.4984652237847171, 0.44494647222222156, 0.6161690165624999], "id": "d7220a39bcedbb89a14c5748cc240cc2", "numVertices": 576, "min": [-3.46, 0.0, -0.622417]}
