{"max": [-0.222048, 0.864992, 0.708033], "centroid": [-0.5332677034220533, 0.26193198098859316, 0.4424280076045629], "id": "5a3ac1ba6f751bed79368d1198f406e7", "numVertices": 263, "min": [-0.857048, 0.0, 0.123833]}
