{"max": [-3.67869, 3.89255, 6.04627], "centroid": [-5.298771500000006, 2.029916730769232, 5.397231480769246], "id": "4efde5d7dfad17354f13c1c9631f2b03", "numVertices": 520, "min": [-7.00609, -1.36525, 2.87696]}
