{"max": [0.0, 0.967726, 0.949978], "centroid": [-0.9104652389380528, 0.5826478111681409, 0.5175567436371692], "id": "a8db9db73bb5a4dbf51f77a6d7299806", "numVertices": 1130, "min": [-1.63564, 0.0, 0.0]}
