{"max": [0.14849, 2.92386, 1.91622], "centroid": [-1.2599104746578613, 1.7970084914900948, 0.7112423741854839], "id": "379f2db4f028cd7925e847faed0661b", "numVertices": 2879, "min": [-2.67151, 0.565437, -0.977928]}
