{"max": [0.0657046, 1.28905, 2.25675], "centroid": [-0.8210587323149615, 0.5579809763779491, 1.1047762158425258], "id": "76db17c76f828282dcb2f14e2e42ec8d", "numVertices": 635, "min": [-1.6615, 0.0, -0.0202981]}
