{"max": [1.8, 0.75, 0.75], "centroid": [0.899999477272727, 0.5869696969696965, 0.48575759090909154], "id": "24732a80e4b1a44282db9fca4b68095", "numVertices": 132, "min": [0.0, 0.0, 0.15]}
