{"max": [0.0, 0.0254, 0.738427], "centroid": [-0.6614379815220299, -0.11389478251001323, 0.3777003578104136], "id": "2aecf3003735e8b34cbbac005f3700ba", "numVertices": 749, "min": [-1.2192, -0.508, 0.0244163]}
