{"max": [3.40347, 0.772896, -22.2968], "centroid": [2.778139343932376, 0.2251780444877041, -22.588636647212567], "id": "4e664dae1bafe49f19fb4103277a6b93", "numVertices": 9938, "min": [2.16071, -0.0381, -22.9687]}
