{"max": [0.0, 0.981058, 0.0], "centroid": [-1.9880506625557324, 0.2874565579494791, -0.90398884093611], "id": "6262bddcd8bafdac3bec56bff764ba78", "numVertices": 2692, "min": [-3.19, 0.0, -2.5733]}
