{"max": [-0.641416, 0.894383, 1.83472], "centroid": [-2.3194020419147874, 0.46415888227210184, 1.1960736188731134], "id": "3a3f425190044bdb2efb565c08a63897", "numVertices": 4366, "min": [-3.99656, 0.0, -0.652831]}
