{"max": [-2.667, 0.458674, 3.18135], "centroid": [-3.1629828077753763, 0.03444323488120994, 2.9264515226781826], "id": "1241ec2dc5e59b0ec3bd24f986301745", "numVertices": 926, "min": [-3.6576, -0.0127, 2.667]}
