{"max": [0.0, 0.922251, 2.45553], "centroid": [-1.1969317484187678, 0.6168034116865898, 1.609792471049574], "id": "b5c61f497f9354d535c2f4da17c09efa", "numVertices": 2259, "min": [-2.25, 0.0, 0.0]}
