{"max": [-0.361303, 0.4191, 1.44424], "centroid": [-1.1493364769230778, 0.2790092307692309, 0.9558195692307699], "id": "6d2c75d89b0a5f5d8cbb8bac2032149c", "numVertices": 65, "min": [-1.96193, 0.0, 0.453285]}
