{"max": [-0.0289513, 0.508, 1.02841], "centroid": [-0.6636388316239317, 0.2805990930319996, 0.6136448717948724], "id": "d8fa26d89a3ec264ee1dfc331dd3e94", "numVertices": 234, "min": [-1.2926, -8.9407e-08, 0.221962]}
