{"max": [-3.14267, 0.595, -3.06844], "centroid": [-3.7959910667752217, 0.2144171374864275, -3.6073896796959115], "id": "89cc879f005dcf50f1f50f6a678fb494", "numVertices": 3684, "min": [-4.45267, -0.2, -3.73044]}
