{"max": [2.5223, 0.5, 1.94891], "centroid": [1.7723000000000004, 0.21250000000000005, 1.57391], "id": "8f440a7c0e2af79f3ed0ffd59feeec00", "numVertices": 32, "min": [1.0223, 0.0, 1.19891]}
