{"max": [0.0, 0.799538, 0.0], "centroid": [-1.0803482555153785, 0.4910244336863367, -0.396733444924355], "id": "3af6ec685a6aa14e2f99eeb199d54554", "numVertices": 3966, "min": [-2.16, 0.0, -0.893083]}
