{"max": [0.0, 0.856681, 1.016], "centroid": [-1.7209344991624813, 0.4410251440536016, 0.4220266265494137], "id": "7e1d225f13bf40d0d39e33fed94f56ef", "numVertices": 597, "min": [-3.2766, 0.0, -1.0668]}
