{"max": [2.1336, 3.048, 0.0], "centroid": [1.0457934748216222, 1.2708929729729725, -0.7789652697297298], "id": "22f030ce09693f4c65c99f3aded15b93", "numVertices": 185, "min": [0.0, 0.0, -1.9812]}
