{"max": [-2.1336, 0.4445, 3.1496], "centroid": [-2.6669999999999985, 0.23565555555555548, 2.8956000000000004], "id": "da90bb35949fb45ac3bd24f986301745", "numVertices": 72, "min": [-3.2004, 0.0, 2.6416]}
