{"max": [2.69459, 0.825117, 3.7031], "centroid": [1.6787358106995889, 0.44476669547325154, 3.0211242386831265], "id": "7a4e07fb5701172c862eec8232fff1e", "numVertices": 243, "min": [0.662593, 0.0, 1.4933]}
