{"max": [-0.812256, 0.972382, 0.926842], "centroid": [-1.919786118980161, 0.5069303852691214, 0.6120114305949022], "id": "33bfb06af948d3415cab680ae8f530b6", "numVertices": 706, "min": [-3.03226, 0.0, 0.054842]}
