{"max": [0.0, 1.15292, 0.0], "centroid": [-1.693049651454506, 0.6207373392047009, -0.5769882522017625], "id": "c2d78f31b197e0bce2d881f085d6d86d", "numVertices": 3747, "min": [-3.36705, 0.0, -1.58845]}
