{"max": [-11.1273, 7.25645, -42.0085], "centroid": [-36.567843560606065, 4.494471704545458, -45.39712083333333], "id": "1bfb1f52f2200860c3eb4329189b69dd", "numVertices": 264, "min": [-39.9372, 0.0, -59.8932]}
