{"max": [0.0, 0.785, 0.06], "centroid": [-1.2275502890889716, 0.4487540535192616, -0.45190045120432676], "id": "81018f492277b7649f13e3294f6a3574", "numVertices": 5271, "min": [-2.3, 0.0, -1.58]}
