{"max": [-8.00863, 1.05451, -35.6593], "centroid": [-8.665413893475149, 0.673157408959455, -35.987532541143395], "id": "3936ef166d22e60ff7628281ecb18112", "numVertices": 19019, "min": [-9.31641, 0.108643, -36.4746]}
