{"max": [-0.104982, 1.21315, -3.62815], "centroid": [-1.5657379925925932, 0.7176565086419759, -4.474310913580254], "id": "e389a5eaaa448a00d6bd2821a9079b28", "numVertices": 405, "min": [-3.01828, 0.0, -4.868]}
