{"max": [0.791152, 0.750156, 0.714005], "centroid": [0.39715692346849907, 0.33888315026341503, 0.3597259751993255], "id": "3d267294b4a01900b04cb542e2c50eb4", "numVertices": 10686, "min": [0.0, 0.0, 0.0]}
