{"max": [0.0, 0.842359, 0.95], "centroid": [-1.2174418840206216, 0.49394180798969634, 0.6313853042825804], "id": "6f84940f81a61eef2e9208ffa1a27124", "numVertices": 1552, "min": [-2.43, -0.1, -0.11]}
