{"max": [0.0, 0.82, 1.01], "centroid": [-1.3057542688831096, 0.5583573118446575, 0.6208555942695007], "id": "71a4f27e4c6fa0a1362d127df6d94eb", "numVertices": 2575, "min": [-2.6, 0.0, 0.0]}
