{"max": [1.07222, 0.745, 0.780865], "centroid": [-1.0340822654975433e-15, 0.41255286100867555, 5.370013939662935e-16], "id": "e300cdc549ff426723fe3501bb9e7193", "numVertices": 16172, "min": [-1.07222, 0.0, -0.780865]}
