{"max": [0.0, 0.7366, 0.762], "centroid": [-0.7579710846153846, 0.40057292307692294, 0.380999976923077], "id": "1e6d470b0330afe7abccd5469c032787", "numVertices": 104, "min": [-1.524, 0.0, 0.0]}
