{"max": [0.889605, 0.7112, 0.762], "centroid": [0.4429719679012339, 0.2888074074074085, 0.5753065679012336], "id": "6d78523e939aedd482e23b5f9fd46e1e", "numVertices": 243, "min": [0.0, 0.0, 0.0]}
