{"max": [-1.52735, 0.695665, 2.91646], "centroid": [-1.810536485218202, 0.28483338749296055, 2.3267351149695044], "id": "7f14058e6bf50047ea1d47b7c8c17fea", "numVertices": 4262, "min": [-2.09155, -0.00787471, 2.00481]}
