{"max": [50.6896, 0.920737, -38.9712], "centroid": [50.269152952403346, 0.2820959984788491, -39.807215626863844], "id": "428bd9c7c8a0a6bc7ff6ace05b36a5", "numVertices": 8383, "min": [49.8133, 0.0, -40.7417]}
