{"max": [-5.16139, 0.7366, 18.9273], "centroid": [-5.7793644186046516, 0.4034684356589152, 18.362958139534886], "id": "e2d5de278cfff9cb55388518b8ef9c17", "numVertices": 129, "min": [-6.35519, 0.0, 17.7335]}
