{"max": [0.92, 1.01, 0.0], "centroid": [0.4572781065088759, 0.5150035680473374, -0.546436360946746], "id": "e3457599e244cb83ef9a8aedf51bb497", "numVertices": 169, "min": [0.0, 0.0, -1.10145]}
