{"max": [4.37056, 0.746073, 2.68031], "centroid": [3.2674043925875003, 0.28538180448180983, 1.7326520415236897], "id": "de14f6786ddc7e11bd83c80a89cb8f94", "numVertices": 2914, "min": [1.74069, 0.00983936, 0.272496]}
