{"max": [0.0, 0.8, 0.0], "centroid": [-1.3541567755813941, 0.2807266744186045, -0.4534671709302323], "id": "ec8298e0eb6fe81aeb3829c3063c353c", "numVertices": 344, "min": [-2.7, 0.0, -2.05]}
