{"max": [3.63855, 0.762, 3.58775], "centroid": [2.585647983193276, 0.49306015966386485, 2.5177442016806704], "id": "f4e0c7b0e402ac86e5a953fde71681c", "numVertices": 119, "min": [1.65735, 0.0, 1.60655]}
