{"max": [2.40665, 0.0254161, 0.0013985], "centroid": [1.0596066974853722, -0.6654936661114558, -0.6726720544319876], "id": "8a179c7244ed94f4f8369c172d21d852", "numVertices": 18969, "min": [-0.31115, -0.923496, -1.3716]}
