{"max": [0.0, 0.837967, 0.96], "centroid": [-1.1957896422555603, 0.5777795414088998, 0.42845797878177794], "id": "16632d002fc0eec9917b96045c9b6dea", "numVertices": 3776, "min": [-2.64523, 0.0, -1.47]}
