{"max": [0.0, 0.46, 1.0], "centroid": [-0.4969458876510066, 0.14990612080536916, 0.4766005661744967], "id": "937fba1b3389783684b7bc3f8a9aa55", "numVertices": 149, "min": [-1.0, 0.0, -0.00272]}
