{"max": [1.2, 0.47, 0.6], "centroid": [0.5999994357142862, 0.28424790476190476, 0.30000000000000004], "id": "f8c37aece2b1c730928918e6ee92e0f2", "numVertices": 84, "min": [0.0, 0.0, 0.0]}
