{"max": [1.49012e-08, 0.960986, 0.641049], "centroid": [-0.29018219729710626, 0.5424902467191606, 0.39220119984251967], "id": "31ab0936f07c21ba7b11ae648ea92233", "numVertices": 381, "min": [-0.580932, 0.0, 0.0]}
