{"max": [0.0, 1.06787, 0.573398], "centroid": [-0.2844800123076924, 0.40179946153846136, 0.3222658123076923], "id": "2fd314d0a19433c62c37553db37ec752", "numVertices": 130, "min": [-0.56896, 0.0, 0.0]}
