{"max": [0.0, 0.825, 0.0], "centroid": [-0.9899448018995926, 0.659794918588874, -0.5424987191316162], "id": "be1a98a8e06c59311556e8f97439a098", "numVertices": 737, "min": [-1.98, 0.0, -0.638]}
