{"max": [5.54771, 1.02, -0.92], "centroid": [4.800172806236078, 0.8654565701559017, -1.0994960556792908], "id": "758649ba384b28856dc24db120ad1ab9", "numVertices": 898, "min": [4.04771, 0.02, -1.4]}
