{"max": [8.78095, 2.34195, 0.299058], "centroid": [3.548656830173764, 1.480423360979464, -2.2262798072669874], "id": "1867c1751ae7bb2829024035009201d2", "numVertices": 2532, "min": [-0.299058, -0.12, -5.86095]}
