{"max": [-3.44532, 0.806511, -14.292], "centroid": [-4.1253471354278, 0.5666116472180659, -14.804774659827482], "id": "1878633a36518ffc19fb4103277a6b93", "numVertices": 14037, "min": [-4.80302, 0.0211786, -15.0465]}
