{"max": [-0.2032, 1.27, 2.3749], "centroid": [-1.0714541052631583, 0.4570114210526316, 1.4177210526315782], "id": "5d12d1a313cff5ad66f379f51753f72b", "numVertices": 57, "min": [-1.9558, 0.0, 0.0]}
