{"max": [48.4726, 14.7272, 44.4266], "centroid": [24.496587315000014, 3.8530439499999978, 20.451545849999974], "id": "c4dbc5a64db6c2d72a9a1691b6f98331", "numVertices": 400, "min": [0.30787, -1.75736, 8.10616]}
