{"max": [-3.93762, 7.57237, -1.84098], "centroid": [-26.090992164429505, 4.519744286912758, -13.474584295302018], "id": "2860b2b5e16f4ae8c29432ec481a60b1", "numVertices": 1192, "min": [-39.474, 0.0, -36.879]}
