{"max": [-0.0115929, 0.963616, 0.92], "centroid": [-1.1964609934413293, 0.5620445821019348, 0.5523868502568174], "id": "b922bbdf49b4100659f8e31ca87c470e", "numVertices": 2531, "min": [-2.44433, 0.0, 0.0]}
