{"max": [0.0, 0.737441, 0.79], "centroid": [-0.7218400907589111, 0.04990124268366996, 0.37818199456825996], "id": "baa8760ca5fbbc4840b559ef47048b86", "numVertices": 2823, "min": [-1.44, -0.0784877, -0.03004]}
