{"max": [1.62744, 0.302225, 2.08342], "centroid": [0.6953247567199989, -0.010501283822222261, 1.2668417307626676], "id": "946bd5aeda453b38b3a454ed6a7199e2", "numVertices": 225, "min": [-0.0022527, -0.106641, -0.0513314]}
