{"max": [0.0, 0.3302, 0.3048], "centroid": [-0.38094999999999984, 0.21995319148936182, 0.15240000000000006], "id": "197393cdb4c836a713c18ca5acf69765", "numVertices": 94, "min": [-0.7619, 0.0, 0.0]}
