{"max": [0.0, 0.956111, 0.0], "centroid": [-0.48768225439761115, 0.5800003010668435, -0.4085945839946636], "id": "588dc044970bc56f3a4a5c95fa1b0032", "numVertices": 7495, "min": [-0.975112, 0.0, -0.914289]}
