{"max": [0.819363, 0.8128, 3.29689], "centroid": [0.42570567884615423, 0.3855142307692315, 2.9124767307692285], "id": "10a1783f635b3fc181dff5c2e57ad46e", "numVertices": 104, "min": [0.0319627, 0.0, 2.45869]}
