{"max": [3.14052, 0.978139, 0.0], "centroid": [1.4119115062538121, 0.21310699607501285, -0.9009906967291781], "id": "5eae999a81861da03bec56bff764ba78", "numVertices": 2293, "min": [0.0, 0.0, -2.30695]}
