{"max": [0.0, 0.775468, 0.689316], "centroid": [-0.34475586652699464, 0.29559335769218353, 0.3424815726768737], "id": "bf37159b9ca55259e6fe3612af521500", "numVertices": 1241, "min": [-0.687581, 0.0, 0.0]}
