{"max": [-0.593584, 0.94775, -1.61836], "centroid": [-0.8947977637263115, 0.4810219518631474, -1.8717915185490515], "id": "cacb9133bc0ef01f7628281ecb18112", "numVertices": 12130, "min": [-1.19592, 0.00634998, -2.26366]}
