{"max": [0.9, 0.758342, 1.7], "centroid": [-0.3421865949526814, 0.49301541682439265, 1.1137870900757132], "id": "c74ea23fce212291943df36e40894fd9", "numVertices": 1902, "min": [-0.761, -0.001, 0.0]}
