{"max": [0.0, 0.951922, 0.556906], "centroid": [-0.24722769472892542, 0.43597724502479335, 0.32001122349586775], "id": "d93760fda8d73aaece101336817a135f", "numVertices": 726, "min": [-0.493664, 0.0, 0.0]}
