{"max": [4.31861, 0.733804, 2.0447], "centroid": [2.5502687147125966, 0.36462708047108305, 1.4866528374055197], "id": "69adc52c58477affe074517a246f1e65", "numVertices": 5689, "min": [0.786792, 0.0, 0.9271]}
