{"max": [5.93489, 1.38715, 7.61415], "centroid": [3.9463696574222027, 1.1838612926873164, 6.78968407806528], "id": "b56d901b6dd62332813204830fbed813", "numVertices": 61154, "min": [2.91541, 0.634784, 4.78938]}
