{"max": [-0.620468, 0.890425, 0.845752], "centroid": [-0.9600496366801229, 0.38195330392725657, 0.44549268001547976], "id": "52d41eb69bb764e784aeb682b234df80", "numVertices": 10338, "min": [-1.30437, -0.001541, -0.004692]}
