{"max": [-2.12672, 1.0668, -0.685484], "centroid": [-3.337666565656565, 0.6180248989898992, -0.9194718383838397], "id": "d116e9440f64d7a0e7791a1581855f1e", "numVertices": 198, "min": [-4.56512, -0.0762, -1.59988]}
