{"max": [-0.00238669, 0.678975, 0.648019], "centroid": [-0.5893304944617597, 0.33226224121813064, 0.3812259802832834], "id": "b0b0186fd16220d4917b96045c9b6dea", "numVertices": 706, "min": [-1.22596, 0.0, -0.00054446]}
