{"max": [2.50841, 0.9028, 0.0], "centroid": [1.057134827510748, 0.4520793378667454, -1.3256478140755], "id": "d58a2c86b9b71f6bef4e42d70375aed8", "numVertices": 6544, "min": [-1.19209e-07, 0.0, -3.00841]}
