{"max": [-1.2833, 0.674857, -1.27539], "centroid": [-3.670564472517819, 0.3376576438430904, -1.9118740857712813], "id": "86a7258b0f094aa6a3fa78fb8c679d78", "numVertices": 9024, "min": [-5.9333, -0.12, -3.47539]}
