{"max": [0.0102942, 0.833649, 0.130252], "centroid": [-0.2568393720550457, 0.3794026743119266, -0.08614078383027522], "id": "20e1bdd54d4082097962800be79c6e52", "numVertices": 436, "min": [-0.523973, 0.0, -0.473025]}
