{"max": [0.381114, 0.72, 0.38], "centroid": [-8.44414163219774e-05, 0.49033484901663543, -0.05418194878680667], "id": "4e1c6dd1146ba848f71f1345a68ed387", "numVertices": 3305, "min": [-0.381114, 0.0, -0.379189]}
