{"max": [0.415, 0.4, 0.415], "centroid": [2.2492682926825433e-05, 0.16713814665617596, -3.599016522430875e-05], "id": "cc554812025dc498e7ed5b5b11f935c9", "numVertices": 2542, "min": [-0.415, 0.0, -0.415]}
