{"max": [0.0, 0.427025, 0.310286], "centroid": [-0.16108903098591548, 0.034515436619718294, 0.23422366760563368], "id": "91b8fe4616208bd4cf752e9bed38184f", "numVertices": 71, "min": [-0.310286, -0.310896, 0.0]}
