{"max": [-7.45058e-09, 0.62, 2.74], "centroid": [-1.2035663625833442, 0.33679941481481446, 1.70973106179947], "id": "254fe5715b9de05db499b6b5bf6f9f82", "numVertices": 594, "min": [-3.18, 0.0, -9.77889e-09]}
