{"max": [0.245, 0.90171, 0.0], "centroid": [-0.8944072256465962, 0.23994568344174586, -0.6166246406198397], "id": "d669c884e2a9274b1e7ef3c0866377b2", "numVertices": 41947, "min": [-2.04279, -0.0273761, -1.1]}
