{"max": [0.0, 0.736951, -0.0324911], "centroid": [-0.2523345168145578, 0.4662851198994508, -0.3152719259369283], "id": "3ab2563609476e089868adf0764f7fd9", "numVertices": 4376, "min": [-0.504567, 0.0, -0.649822]}
