{"max": [0.24, 0.446658, 0.289267], "centroid": [0.013820232063773233, -0.03797238374313575, 0.011651449955713013], "id": "243ab0d808fae5b76f1d1c49624bcfed", "numVertices": 1129, "min": [-0.23, -0.385775, -0.23852]}
