{"max": [-0.605964, 0.49, -0.960254], "centroid": [-0.828462, 0.26907453333333337, -1.1910109333333334], "id": "5326de43a392840657f40ff86fe708ff", "numVertices": 30, "min": [-1.05096, 0.0, -1.56025]}
