{"max": [1.51033, 2.37982, 0.626811], "centroid": [1.060938314741038, 0.9247374286852584, 0.3221774621513945], "id": "8cebf6dde257cfc591a2a5174703986b", "numVertices": 251, "min": [0.613332, 0.0119274, -0.225258]}
