{"max": [0.961015, 0.983095, 0.801714], "centroid": [0.4801640483800452, 0.3607566204602974, 0.4105020846309372], "id": "769b26b459617608b04cb542e2c50eb4", "numVertices": 1585, "min": [-3.57628e-07, 1.27e-07, 4.47035e-07]}
