{"max": [0.3502, 1.06632, 0.51564], "centroid": [0.001295897659063628, 0.546520534213685, 0.22158441626650668], "id": "2ed17abd0ff67d4f71a782a4379556c7", "numVertices": 3332, "min": [-0.35036, 0.0, -0.39962]}
