{"max": [0.00550842, 0.759524, 0.828935], "centroid": [-1.2669988433419699, 0.2974806484412397, 0.17685315156412507], "id": "608d9d8434e52a71eaf14273fa406ffc", "numVertices": 2085, "min": [-1.99315, 0.0, -1.184]}
