{"max": [-0.03128, 1.41728, 0.843], "centroid": [-0.8262569207317075, 1.256798121951225, 0.20878036890243873], "id": "8da6fc70195d2b4029820ac1e8a0acf2", "numVertices": 328, "min": [-1.62728, 0.617278, -0.497]}
