{"max": [0.0, 0.678419, 0.5334], "centroid": [-0.37705239168217813, 0.4946565998354671, 0.20309153830656373], "id": "415d7746f792eb1de0445fc6d980dd5c", "numVertices": 4619, "min": [-0.75565, 0.0, -0.0147155]}
