{"max": [0.16406, 1.8796, 3.10356], "centroid": [-0.9180801735268592, 0.6429344577756847, 1.5521730128935032], "id": "e7d0920ba8d4b1be71424c004dd7ab2f", "numVertices": 1061, "min": [-2.16836, 0.0, -0.33655]}
