{"max": [0.093, 0.891597, 0.967], "centroid": [-0.8191836734693871, 0.32889236734693883, 0.4775211836734691], "id": "bff79b49732569307ea323bc74055b8", "numVertices": 98, "min": [-1.765, 0.0, -0.063]}
