{"max": [0.0, 0.770351, 0.897496], "centroid": [-0.747913642857143, 0.5240734285714287, 0.44848089285714277], "id": "1de679dd26d8c69cae44c65a6d0f0732", "numVertices": 56, "min": [-1.49583, 0.0, 0.0]}
