{"max": [-0.299067, 0.7747, -1.28225], "centroid": [-1.5743698925561822, 0.43821654915730246, -1.9067241011236156], "id": "734d564442cc75472b0c00d36a59e875", "numVertices": 1424, "min": [-2.83907, 0.0, -3.41585]}
