{"max": [0.406066, 0.4064, 0.406066], "centroid": [0.001602941434808976, 0.2603029822923041, -0.0018611343626440471], "id": "253b7cf1ca03674bf4b6538438a0b930", "numVertices": 1649, "min": [-0.406066, 0.0, -0.406066]}
