{"max": [-0.011358, 0.900317, 1.06714], "centroid": [-1.1710217494815394, 0.589610722936542, 0.5626228375918709], "id": "7402b0be6d04b45da5f9d52c12457194", "numVertices": 2411, "min": [-2.29915, 0.0, -0.093146]}
