{"max": [0.0263352, 0.769925, 0.529002], "centroid": [-0.2310864742587595, 0.04947631859838267, 0.33260246051212966], "id": "cfe139c0e8b8cfdae342bce0d924820", "numVertices": 742, "min": [-0.483535, -0.415747, 0.0]}
