{"max": [0.0, 0.755738, 0.0], "centroid": [-1.6221047309582295, 0.5098348820638824, -0.896726125307125], "id": "1f620792984f66fd22c3a2386a9dfbe9", "numVertices": 814, "min": [-2.54, 0.0, -2.54]}
