{"max": [0.011505, 1.31392, 0.0], "centroid": [-2.223138152763874, 0.7044587105549494, -0.8981553525571266], "id": "354c37c168778a0bd4830313df3656b", "numVertices": 919, "min": [-3.6576, 0.0, -2.4865]}
