{"max": [2.22657, 0.75, 0.912431], "centroid": [1.4168334180601965, 0.407952645707917, 0.22332047996655524], "id": "85f2fc137f3c7e57a19748ad08476c18", "numVertices": 1794, "min": [0.163395, 0.0, -0.470373]}
