{"max": [-0.758019, 0.587375, -3.5802], "centroid": [-1.3565935696969715, 0.37475021818181814, -4.011847212121215], "id": "cb93c492c1c3c00a94c9842dcb05f464", "numVertices": 330, "min": [-1.92662, 0.115605, -4.20091]}
