{"max": [0.151914, 0.982836, 1.41916], "centroid": [-1.2624833949416323, 0.5911345677691314, 0.899666001945512], "id": "13f398918a8ae11b17743c18fb63dc", "numVertices": 3084, "min": [-2.84117, 0.0, -0.092637]}
