{"max": [-5.59386, 0.879946, 1.64276], "centroid": [-6.191450204052332, 0.26867609633378364, 1.3720712800076664], "id": "77a56bf8ea88336019fb4103277a6b93", "numVertices": 20828, "min": [-6.78925, -0.00278613, 1.00132]}
