{"max": [0.0, 1.02115, 1.00365], "centroid": [-0.46038717474153135, 0.37233643568924696, 0.3631624731384438], "id": "dcfd665cdc0b01e7b04cb542e2c50eb4", "numVertices": 3366, "min": [-0.954812, 0.0, 0.0]}
