{"max": [0.0, 0.960437, 0.719137], "centroid": [-0.31904348520512055, 0.31883785468800135, 0.3989249673568001], "id": "eeef39917dd113e053624ac0db0f7e5b", "numVertices": 3125, "min": [-0.652727, 0.0, 0.0]}
