{"max": [0.002682, 0.776908, 0.984209], "centroid": [-0.9383605044247803, 0.34909753761062023, 0.46639260176991276], "id": "916abea85193002adae12f3947d07dec", "numVertices": 452, "min": [-1.88882, 0.0, 0.0]}
