{"max": [1.17837, 0.65638, 0.8264], "centroid": [-0.23713214322053922, 0.3315779345239988, 0.2795327936419726], "id": "61e1edb3150c71a1f2165a0df94fc0a0", "numVertices": 14569, "min": [-1.995, 0.0, -1.27428]}
