{"max": [6.06564, 0.34925, -3.60966], "centroid": [5.544244873949579, 0.013473739495798328, -3.9179752941176464], "id": "8b54150f56e59a91de9149d4acef1da1", "numVertices": 238, "min": [5.00978, -0.4572, -4.52406]}
