{"max": [-0.407987, 0.948544, 0.00382991], "centroid": [-1.076366956622511, 0.49608755907284774, -0.456510984612583], "id": "3f8f1d7023ae4a1c73ffdca541f4749c", "numVertices": 6040, "min": [-1.7606, 0.0296244, -0.706176]}
