{"max": [-1.32059, 0.7874, -4.58087], "centroid": [-1.672226720321931, 0.37417682789000506, -4.967170596914759], "id": "ea5c19a6ea9b13719fb4103277a6b93", "numVertices": 7455, "min": [-2.05243, -0.00039812, -5.38469]}
