{"max": [0.000799991, 1.29726, 1.0], "centroid": [-0.5083220266206894, 0.2647784468129575, 0.6815333751306176], "id": "ff6e6b7b7c7f1c0f15f78c98555ab41", "numVertices": 957, "min": [-1.03246, -1.0, 0.0]}
