{"max": [-5.4356, 0.760288, 6.12531], "centroid": [-5.782570078740159, 0.4372482047244097, 5.807530629921259], "id": "3319a9b24416ecea7ff6ace05b36a5", "numVertices": 127, "min": [-6.1468, 0.0, 5.334]}
