{"max": [1.08536, 1.15007, 3.76267], "centroid": [0.7901945000000005, 0.3834850540540541, 3.57747594594595], "id": "59cc459b0e75c2ec1142c13b71507bca", "numVertices": 148, "min": [0.488463, -0.60325, 3.01337]}
