{"max": [0.434975, 0.6985, 0.384175], "centroid": [0.00019083916083916343, 0.30569060839160817, -0.16794996818181823], "id": "5a85b2ef58145949213c3458a0fe5598", "numVertices": 286, "min": [-0.434975, -0.0254, -0.454431]}
