{"max": [-0.133967, 0.3856, 0.535903], "centroid": [-0.9087281360055613, 0.21352084050045805, 0.23797650608201942], "id": "9e5926bfdc7f01749e65a3d2929a9516", "numVertices": 4316, "min": [-2.03941, 0.0, -0.0525699]}
