{"max": [-7.05406, 0.602762, -7.51542], "centroid": [-8.417690314852779, 0.17137928367419672, -8.163222594113563], "id": "c805dab667ee341ca3ee83e6cad78356", "numVertices": 1461, "min": [-9.94423, -0.308, -10.4054]}
