{"max": [1.2954, 0.4064, 0.0], "centroid": [0.6477000000000002, 0.21843999999999997, -0.3429000000000001], "id": "dee160f20e1195a4b2cf6e4d01862bc5", "numVertices": 40, "min": [0.0, 0.0, -0.6858]}
