{"max": [0.3048, 0.6096, 0.3048], "centroid": [-1.3114754095552713e-08, 0.1882563934426229, -8.032786882746833e-08], "id": "88676c2f87a5b54c4500047017815f5f", "numVertices": 610, "min": [-0.3048, 0.0, -0.3048]}
