{"max": [0.0, 0.750556, 0.0], "centroid": [-0.7986189985342163, 0.310786146931567, -0.4146806826401751], "id": "d44fb796a1772d5a490ad276cd2af3a4", "numVertices": 2265, "min": [-1.60601, 0.0, -0.868434]}
