{"max": [0.0, 0.818902, 0.954759], "centroid": [-1.0180588726769246, 0.27881633612307827, 0.540804480246155], "id": "8918d572cff6b15df36ecf951968a8b0", "numVertices": 650, "min": [-2.032, 0.0, 0.0]}
