{"max": [0.0, 0.72906, 0.9906], "centroid": [-1.0801513397069864, 0.3683570277096452, 0.509796150700827], "id": "24f5497f13a1841adb039d8689a74349", "numVertices": 3017, "min": [-2.1336, 0.0, 0.0]}
