{"max": [0.0, 0.374, 1.1], "centroid": [-0.6879154411764705, 0.19586764705882345, 0.39614338235294216], "id": "fa871f2f88b933cd7a63d8989415726b", "numVertices": 544, "min": [-1.1, 0.0, 0.0]}
