{"max": [1.07556, 0.554907, 1.29], "centroid": [0.6657125228758153, 0.28066547385620866, 0.989999934640525], "id": "5d65f46bcc49eef08b378a8c4400c79b", "numVertices": 612, "min": [0.255563, -0.002093, 0.69]}
