{"max": [0.853962, 0.816453, 2.10006], "centroid": [0.4320396243496388, 0.42198789208446363, 1.6669866356764358], "id": "f6f3c3f97b615a19fff16555386d173d", "numVertices": 11509, "min": [-0.0120314, 0.0, 1.28726]}
