{"max": [0.9017, 0.40005, 0.0], "centroid": [0.4508549966666666, 0.21166666666666656, -0.276225], "id": "614b46cfcbe04994d91158b2b7873a40", "numVertices": 48, "min": [0.0, 0.0, -0.55245]}
