{"max": [2.106, 0.725, 1.006], "centroid": [1.0587625928533326, 0.5284151515151512, 0.4371669571054548], "id": "4386633c2d2a1a2c5fceaa39a8353bde", "numVertices": 165, "min": [0.0, 0.0, 0.0]}
