{"max": [-1.01612, 0.95, 1.29288], "centroid": [-1.3079339156626506, 0.4410060421686748, 1.0563375180722891], "id": "8b22c3e3be1f8fd8b645b903fc5f4135", "numVertices": 166, "min": [-1.59612, 0.0, 0.712877]}
