{"max": [-1.13699, 0.0508, 2.66017], "centroid": [-1.8227899999999997, -0.08716818181818187, 2.2087427272727256], "id": "80a86204247b30fd21ef666e979e4e80", "numVertices": 88, "min": [-2.50859, -0.3048, 1.88547]}
