{"max": [0.0, 1.12301, 0.0], "centroid": [-1.438325491220556, 0.28948203640257025, -1.124109672912203], "id": "19f0a14207f4f953bb1b55ae5bd11e93", "numVertices": 934, "min": [-2.41, -0.153, -2.82]}
