{"max": [2.32831e-09, 1.00767, 0.525475], "centroid": [-0.32444361776656394, 0.5371085486298576, 0.2869523080863532], "id": "498e81334b1dfe98882ebc6f4e497cd2", "numVertices": 1862, "min": [-0.652858, 0.0, -2.91038e-09]}
