{"max": [0.0, 0.883805, 0.95], "centroid": [-0.9794658974358973, 0.4984927999999994, 0.5626428615384617], "id": "27f8e4a89307406614038d588fd1342f", "numVertices": 390, "min": [-1.93, 0.0, 0.0]}
