{"max": [2.68668, 1.0, -0.253493], "centroid": [1.4266605107526882, 0.844308741935485, -0.8886750537634416], "id": "49eda1b86917d3d7d0a96520c31993ad", "numVertices": 186, "min": [0.166677, 0.0, -1.07062]}
