{"max": [-2.60188, 1.75895, 0.840118], "centroid": [-2.8627019200000006, 0.6613867679999998, 0.6284851999999999], "id": "f2129c67cb55c6868779f85a8bc31fb", "numVertices": 125, "min": [-3.12893, 0.0, 0.198768]}
