{"max": [0.269718, 0.935, 0.320337], "centroid": [-0.0034551753359223928, 0.4468048654351124, 0.13816551864452783], "id": "675aaa5b883e2398d7f7a4c4609b0913", "numVertices": 22660, "min": [-0.267248, 0.0, -0.283224]}
