{"max": [0.0508, 1.5494, 1.3462], "centroid": [-0.6134429434257428, 0.8975747988308517, 0.941883581932906], "id": "c05ed12b1bb79ef6d8e8a8a207ee5bd2", "numVertices": 7869, "min": [-1.397, 0.0, -0.0173178]}
