{"max": [1.2192, 0.4318, 0.0], "centroid": [0.6096000000000004, 0.2929466666666667, -0.30479999999999996], "id": "f64617385056e0b1beedb4c8fd29e2d1", "numVertices": 60, "min": [0.0, 0.0, -0.6096]}
