{"max": [-0.27146, 1.016, 0.985122], "centroid": [-1.3805015761245643, 0.6185763287197227, 0.81118715051903], "id": "a6681ac778c7c314843f1df79528e538", "numVertices": 578, "min": [-2.45796, 0.0, -2.02997]}
