{"max": [-2.53706, 0.9144, 2.46672], "centroid": [-3.8324596491228093, 0.6016893552631583, 1.9701567543859684], "id": "542656b66458b918cfc64925a56d7ba", "numVertices": 228, "min": [-5.12786, -0.0508, 1.24752]}
