{"max": [-9.2084, 0.896471, 38.4989], "centroid": [-9.505738168047902, 0.5475072135147891, 38.13365068639034], "id": "5b2b23120a4607dff7628281ecb18112", "numVertices": 8450, "min": [-9.80332, 0.0417144, 37.849]}
