{"max": [0.0, 0.820398, 0.963133], "centroid": [-1.1161510393042733, 0.35460649417349216, 0.4273925401260236], "id": "1dd6e32097b09cd6da5dde4c9576b854", "numVertices": 2317, "min": [-2.2352, 0.0, 0.0]}
