{"max": [0.0, 0.960465, 0.0], "centroid": [-1.6067287732398452, 0.5249549989688616, -0.6793885458982605], "id": "d27b9c12f500c3142d19175e7d19b7cb", "numVertices": 14547, "min": [-2.84918, 0.0, -2.1774]}
