{"max": [1.95381, 0.67945, -0.295993], "centroid": [1.785990089686099, 0.3619256950672652, -0.3952791659192819], "id": "3a123ae34379ea6871a70be9f12ce8b0", "numVertices": 223, "min": [1.62031, 0.0, -0.661118]}
