{"max": [1.26758, 0.819825, 1.5183], "centroid": [-0.7898170094628101, 0.25263305785124013, 0.5060867334710745], "id": "2c1c9fb6e940c636b1467c71658cc329", "numVertices": 242, "min": [-2.21242, 0.0, -0.901704]}
