{"max": [0.399639, 0.889125, 0.497276], "centroid": [0.0005314814887640292, 0.2751344877345502, 0.13506359507724724], "id": "d9af882ab6d1cbbd492d9da2668ec34c", "numVertices": 712, "min": [-0.393992, -0.00049591, -0.236945]}
