{"max": [-1.06847, 0.889, -0.996598], "centroid": [-3.5353666972477047, 0.5911103119266056, -2.0344410275229348], "id": "500fdf3d6ffbab95cb57ce1986fa546e", "numVertices": 109, "min": [-4.77053, 0.0, -3.93559]}
