{"max": [0.0353108, 3.259, -0.839984], "centroid": [-6.25911605072046, 1.993452363126797, -2.7363092737752157], "id": "3415f252bd71495649920492438878e5", "numVertices": 347, "min": [-8.98364, -0.023, -5.66499]}
