{"max": [1.67858, 0.558799, -0.0991805], "centroid": [0.9927783936058706, 0.24504867500517066, -0.4832573029350104], "id": "ec8a05151bdfd44779368d1198f406e7", "numVertices": 1908, "min": [0.306982, 0.0, -0.867327]}
