{"max": [0.0612658, 1.314, 0.801771], "centroid": [-0.371854848873536, 0.5844274741679875, 0.3135220225927107], "id": "c61e3ca5004f3e8667816b64852d28f", "numVertices": 3155, "min": [-0.804698, 0.0, -0.00332257]}
