{"max": [-0.69632, 0.502, 3.70786], "centroid": [-0.9416640758293849, 0.38209754502369647, 3.2530668246445478], "id": "a4e5a85d21a6b36ba60a29091f2ab01f", "numVertices": 211, "min": [-1.62632, 0.0, 2.77786]}
