{"max": [-3.82389, 1.4571, 6.14888], "centroid": [-5.249405939849627, 0.7546633419074044, 5.224013031262352], "id": "9860944cfd30a13dc3bd24f986301745", "numVertices": 2527, "min": [-6.73756, 0.0, 4.00685]}
