{"max": [-0.425971, 0.91, 1.6482], "centroid": [-0.6524729922178991, 0.26556420233462946, 1.3248285603112837], "id": "aae036d8ebdc472535836c728d324152", "numVertices": 257, "min": [-0.895971, 0.0, 1.0382]}
