{"max": [0.0, 2.193, 0.892395], "centroid": [-0.5077524313043466, 0.6736593860869547, 0.4785473008695657], "id": "107ed94869ed6f1be13496cd332ce78f", "numVertices": 575, "min": [-0.991627, 0.0, 0.0]}
