{"max": [0.835, 0.435, 0.0], "centroid": [0.4276213592233012, 0.20262135922330088, -0.43072815533980563], "id": "7cd2c11133d7470db9278b13f52df097", "numVertices": 103, "min": [0.0, 0.0, -0.855]}
