{"max": [2.79581, 0.4572, -0.00634998], "centroid": [2.1525264857142785, 0.36659458285714175, -0.3134760121142854], "id": "575ac593154b95b6dae7645f889ddcf0", "numVertices": 350, "min": [1.52582, 0.0, -0.62865]}
