{"max": [0.13, 0.992417, 0.87], "centroid": [-0.9964851549092989, 0.5270007995967971, 0.4700482381109494], "id": "277231dcb7261ae4a9fe1734a6086750", "numVertices": 13393, "min": [-2.13, 0.0, -0.063538]}
