{"max": [1.524, 0.4826, 0.92075], "centroid": [0.7619999999999989, 0.25962428571428503, 0.4611112857142863], "id": "852e28dd91e4fdb35c1975633309d43c", "numVertices": 280, "min": [0.0, 0.0, 0.0]}
