{"max": [-1.9275, 0.76, 0.996779], "centroid": [-2.8274964473684205, 0.4273108421052631, 0.7325684736842104], "id": "84c9082a8cbd03e5e76bc197b3a3ffc0", "numVertices": 76, "min": [-3.7275, 0.0, 0.497279]}
