{"max": [0.0709382, 0.846099, 0.739618], "centroid": [-0.5519545596423897, 0.5108147430488091, 0.5723904411863299], "id": "a65534c7545a4b3a19fb4103277a6b93", "numVertices": 11329, "min": [-1.17839, 0.0, 0.0939859]}
