{"max": [11.451, 12.4808, 13.2627], "centroid": [-4.059146701380559, 3.18089533862267, 2.990204824817245], "id": "a702d178064c7b81fc078d27c856022", "numVertices": 3064, "min": [-23.3554, -0.9709, -9.0595]}
