{"max": [1.12176, 0.750788, 1.14772], "centroid": [-0.5174732603468248, 0.29389188953757167, 0.22765155578034715], "id": "a207c52399b289be9657063f91d78d19", "numVertices": 3460, "min": [-1.50091, 0.0, -1.41379]}
