{"max": [0.0, 0.865324, 0.0], "centroid": [-1.328762570931512, 0.2943733489749562, -0.44120517068493065], "id": "5b06dcaf32f92e7eb3878cedd8c8fe6c", "numVertices": 730, "min": [-2.45, -0.075, -1.48]}
