{"max": [1.79765, 1.0094, 0.549474], "centroid": [0.8223884798876406, 0.5477088604831463, 0.08185938398876387], "id": "c2b65540d51fada22bfa21768064df9c", "numVertices": 712, "min": [-0.158152, -0.000331521, -1.63493]}
