{"max": [0.0, 1.06134, 0.995522], "centroid": [-0.5786819961595397, 0.3014595546052633, 0.22325493639555874], "id": "c47e364fbc29803b2c0eb4a518e123ac", "numVertices": 1216, "min": [-1.1554, 0.0, 0.0]}
