{"max": [0.0, 0.798861, 0.85], "centroid": [-1.0916894593930304, 0.5410743470438368, 0.4712162251779646], "id": "828a2a981ec78e7c14038d588fd1342f", "numVertices": 2669, "min": [-2.15513, 0.0, 0.0]}
