{"max": [0.0, 0.807553, 1.75828], "centroid": [-0.3175034342465773, 0.2907674532054789, 0.6760668024323314], "id": "3d5c94f748861bcf6038f78d0f44e587", "numVertices": 1460, "min": [-0.635, -0.00281734, -0.375321]}
