{"max": [2.12341, 2.07645, 0.0], "centroid": [1.2033918877551018, 0.566381122448979, -0.4509795918367346], "id": "2dedcb98bb6e9375aa2e219918fb41bc", "numVertices": 196, "min": [0.0, 0.0, -0.8128]}
