{"max": [0.0, 0.55, 1.684], "centroid": [-0.9542787239999998, 0.3630000000000001, 0.84198378], "id": "80acb994a8dd6d636831079c2c481dd3", "numVertices": 50, "min": [-1.602, 0.0, 0.0]}
