{"max": [0.884698, 0.770943, 2.4257], "centroid": [-0.6362394028287064, 0.5674151901666465, 1.534216553951185], "id": "511168d4461d169991a3d45e8887248a", "numVertices": 28922, "min": [-1.524, 0.0, 0.0]}
