{"max": [0.00205247, 0.9271, 0.884157], "centroid": [-0.44887371873563336, 0.5804546724137928, 0.4168630941609193], "id": "9faefdf6814aaa975510d59f3ab1ed64", "numVertices": 348, "min": [-0.906462, 0.0, 0.0]}
