{"max": [6.90515, 0.975674, 3.68064], "centroid": [5.09767003313745, 0.45064316741075483, 3.2088330591956638], "id": "57183931e41c7aaa5ff61a3a2a0e2484", "numVertices": 6639, "min": [3.44515, -0.00049906, 2.18064]}
