{"max": [0.0, 0.790013, 0.54587], "centroid": [-0.24885250208859158, 0.4033267234621564, 0.2920870233562037], "id": "bfe3afaa774eab6e29e17f7efc5a2421", "numVertices": 24765, "min": [-0.497563, 0.0, 0.0]}
