{"max": [-1.19395, 1.0145, 1.71591], "centroid": [-2.043368361145024, 0.47692875765432047, 0.915767235924562], "id": "df1b280b7763abde3002761e7a3ba3bd", "numVertices": 7371, "min": [-2.89395, 0.0, 0.115912]}
