{"max": [0.0711331, 0.780297, 0.623222], "centroid": [-0.6228385815863268, 0.06785010112455189, 0.2724892603452679], "id": "b97cbaff986d5db4490ad276cd2af3a4", "numVertices": 42159, "min": [-1.32887, -0.00139644, -0.0631426]}
