{"max": [0.0, 0.795528, 0.0], "centroid": [-1.5843087779479366, 0.463169065849923, -0.3473682914235831], "id": "4e3f1e4f1fc88029d028c2e338a88f09", "numVertices": 653, "min": [-2.8829, 0.0, -1.5367]}
