{"max": [0.20318, 1.00065, 1.11743], "centroid": [-1.4569011152718598, 0.6682474380106979, 0.4535807706617588], "id": "82aee3c5088d005414038d588fd1342f", "numVertices": 9913, "min": [-2.743, 0.0, -1.64]}
