{"max": [0.0199513, 0.4572, 0.4826], "centroid": [-0.3595608046067294, 0.07138679303418823, 0.22859999398194433], "id": "fc3d08b88b00d95212610a4585592f3", "numVertices": 1872, "min": [-0.7874, 0.0, -0.0254]}
