{"max": [0.02, 0.71165, 0.02], "centroid": [-0.9941660144210239, 0.4173813465993506, -0.42176580163280264], "id": "54baa6e5d9584469b80b68728684f2ff", "numVertices": 6734, "min": [-1.98, 0.0, -1.48]}
