{"max": [6.34984, 1.06521, -0.909199], "centroid": [4.020220606060606, 0.4743254545454546, -1.718918515151516], "id": "b08dc9e0fd675e6664adc666ed4e2ec1", "numVertices": 33, "min": [1.8207, 0.0, -2.57925]}
