{"max": [0.749816, 0.47, 0.767906], "centroid": [0.24720744859813099, 0.36641532710280406, 0.2591409532710281], "id": "de6f494dbebd91ede057b217c7790618", "numVertices": 214, "min": [-0.251066, 0.0, -0.232975]}
