{"max": [0.0, 0.83, 1.53], "centroid": [-1.3461935631922723, 0.5795783763497061, 0.9837817627290271], "id": "c81d3992ddcf2fb41b17743c18fb63dc", "numVertices": 5742, "min": [-2.8, 0.0, 0.0]}
