{"max": [0.275877, 0.340675, 0.986351], "centroid": [-0.25698970830323653, 0.14456759581524908, 0.45348477209786986], "id": "b4c54426262f142fc16cddb2140115a", "numVertices": 6335, "min": [-0.789927, 0.0, -0.0794533]}
