{"max": [0.0, 0.762, 0.7112], "centroid": [-0.5267641386138612, 0.6295472673267333, 0.37216169801980215], "id": "613c706879ee39c9132c018af3949fe", "numVertices": 101, "min": [-0.9652, 0.0, -0.0508]}
