{"max": [7.45058e-09, 0.906645, 0.864], "centroid": [-1.074915857138958, 0.6616952581935521, 0.6776506133873328], "id": "a73fc5b447cab6493ca57f5648ff1b0d", "numVertices": 18804, "min": [-2.07, -6.0536e-09, -0.016094]}
