{"max": [-14.0227, 0.762, -16.6597], "centroid": [-14.910840566037718, 0.45001281761006334, -17.342092138364713], "id": "1581d2682187764730bbd4cddd04c77b", "numVertices": 318, "min": [-15.8515, 0.0, -17.5741]}
