{"max": [0.0940345, 0.763383, 0.933859], "centroid": [-1.103854307574474, 0.28463226078096776, 0.5164741856671431], "id": "15ca4d51db95edd783f3ef99fe735c7e", "numVertices": 84687, "min": [-2.30403, -0.1, -0.0390962]}
