{"max": [0.602429, 0.416029, 0.0], "centroid": [0.07978057087227848, 0.03709690528184419, -0.2421788475077875], "id": "ccc9cc45699f95f21bec2e8246842c2a", "numVertices": 10272, "min": [-0.468629, -1.49012e-07, -0.45]}
