{"max": [1.2, 0.42, 0.0], "centroid": [0.5999999999999993, 0.2489473684210526, -0.42105263157894746], "id": "90992c45f7b2ee7d71a48b5339c6e0da", "numVertices": 76, "min": [0.0, 0.0, -0.8]}
