{"max": [0.8, 0.75, 0.0], "centroid": [0.39499364637681195, 0.3443078260869564, -0.40579710144927544], "id": "dba86ecb3a5a4d234b3c42e318f3affc", "numVertices": 69, "min": [0.0, 0.0, -0.8]}
