{"max": [0.000264, 0.333333, 0.000264], "centroid": [-0.499999909090909, 0.22316390909090905, -0.499999909090909], "id": "4d14547b54611e9bcf1ee9bc9708f08c", "numVertices": 88, "min": [-1.00026, 0.0, -1.00026]}
