{"max": [0.0, 0.3, 0.6], "centroid": [-0.5341304347826087, 0.1545652173913043, 0.3], "id": "7602875276e42d1990eb1f8a00f61726", "numVertices": 46, "min": [-1.025, 0.0, 0.0]}
