{"max": [0.70104, 0.02032, 0.51816], "centroid": [0.3528100344321978, -0.4353403046092223, 0.2616115878390114], "id": "2eb880249672bc2386b647696ec80093", "numVertices": 5988, "min": [0.0, -0.568868, 0.0]}
