{"max": [-3.84378, 1.4571, 6.13538], "centroid": [-5.2791371794871855, 0.5570368202938041, 5.58898406625825], "id": "3797bd46f01466f8c3bd24f986301745", "numVertices": 4407, "min": [-6.72338, -3.81e-07, 4.0005]}
