{"max": [0.317515, 0.6096, 0.5842], "centroid": [0.15802677150684924, 0.3060757990867581, 0.31622420273972607], "id": "1101146651cd32a1bd09c0f277d16187", "numVertices": 219, "min": [0.0, 0.0, 0.0]}
