{"max": [-4.36812, 1.4571, 6.1341], "centroid": [-5.278521007922209, 0.5886164379426979, 5.869450719662372], "id": "290b083404ea24c87ff6ace05b36a5", "numVertices": 40519, "min": [-6.19854, 0.0, 4.01239]}
