{"max": [0.085156, 1.38906, -0.445581], "centroid": [-1.3640364298469383, 0.359362164540819, -1.0481777933673482], "id": "65fce4b727c5df50e5f5c582d1bee164", "numVertices": 392, "min": [-2.73583, -0.0523875, -1.73612]}
