{"max": [0.002575, 0.823091, 1.69104], "centroid": [-1.172376816866028, 0.5502986477272729, 1.3954749964114803], "id": "96ce3abe2e2d4bd3ff24fe90298ffa71", "numVertices": 1672, "min": [-2.88321, 0.0, 0.001042]}
