{"max": [-0.809465, 1.00009, 1.40848], "centroid": [-1.6093531000000012, 0.7556779333333339, 1.2280245999999997], "id": "9f56c17cafc1ba35bcf7c2310bd3f83", "numVertices": 120, "min": [-2.40985, 0.0297, 0.608388]}
