{"max": [0.0, 0.78105, 1.2192], "centroid": [-0.5591136675249405, 0.7204091146126866, 0.6096361226263289], "id": "6df5ad89a152dbd26e79c14dd16aa04b", "numVertices": 3107, "min": [-1.1176, 0.0, 0.0]}
