{"max": [2.54486, 0.397, -1.39552], "centroid": [1.8948566118421057, 0.1861603944078941, -1.890544769736846], "id": "d7576f0e6f9acba7d261e17fa0c462a7", "numVertices": 608, "min": [1.24486, 0.0, -2.38552]}
