{"max": [0.0, 0.938312, 0.942], "centroid": [-1.2142632693681097, 0.19898567502888148, 0.44565725158410907], "id": "fbe08af112773184e6fe3612af521500", "numVertices": 5713, "min": [-2.42835, 0.0, 0.0]}
