{"max": [-4.84025, 0.745573, 3.14829], "centroid": [-5.183895609756103, 0.30423443963414676, 2.740560609756097], "id": "bbef7baa438869dd52bee19dc0453f5e", "numVertices": 328, "min": [-5.52148, -0.101803, 2.3507]}
