{"max": [2.15919, 1.07937, 2.7915], "centroid": [0.3199100495508982, 0.551589377245509, 1.6264011397529958], "id": "518cf789a696965b5e723252788c3d6e", "numVertices": 1336, "min": [-0.8282, 0.0, -0.4081]}
