{"max": [-0.181913, 0.3403, 0.388722], "centroid": [-0.5901055945121955, 0.20177725609756106, -0.010748908841463439], "id": "4643de4838d7048437251258858a7a58", "numVertices": 328, "min": [-0.988914, 0.0, -0.418279]}
