{"max": [-0.569392, 0.694143, -1.03553], "centroid": [-1.4770207655472634, 0.2809772681592048, -1.508799154228863], "id": "341ef2d97f0f9091183903d8843a24ef", "numVertices": 1608, "min": [-2.39819, -0.178333, -1.98023]}
