{"max": [0.610094, 0.691109, 0.701208], "centroid": [0.30035345285714277, 0.27830446409667425, 0.31719403428761916], "id": "68dc37f167347d73ea46bea76c64cc3d", "numVertices": 84, "min": [-0.00638282, -0.00026912, -0.0384772]}
