{"max": [-0.0976337, 1.00927, -16.5877], "centroid": [-0.4043530421532603, 0.4622877566455303, -16.957434256478805], "id": "228d5702c588fc1cf7628281ecb18112", "numVertices": 8991, "min": [-0.710091, 0.004572, -17.2863]}
