{"max": [-2.4156, 0.243265, 1.20465], "centroid": [-3.373211647009242, -0.2840108959561942, 1.0769956322662202], "id": "63e37e8a29ee34bab277610811e28cd", "numVertices": 2374, "min": [-4.24446, -0.98729, 0.533452]}
