{"max": [-2.04784, 1.15887, 3.19269], "centroid": [-2.4971774331550836, 0.866722165775401, 2.8183740106951882], "id": "5420d4699cf0125fd08f8c5dee475682", "numVertices": 187, "min": [-2.96224, 0.0, 2.40484]}
