{"max": [0.0, 1.23265, 0.594613], "centroid": [-0.3325390565039013, 0.4347197226532872, 0.309753950301003], "id": "c98e1a3e61caec6a67d783b4714d4324", "numVertices": 897, "min": [-0.655867, 0.0, 0.0]}
