{"max": [3.0, 0.75, -0.06], "centroid": [1.4999230769230774, 0.371538461538461, -0.36000000000000026], "id": "4185ad2b10b278f83889b52430b1ab3c", "numVertices": 104, "min": [0.0, 0.0, -0.76]}
