{"max": [0.0, 1.01784, 1.03652], "centroid": [-0.4461128413433094, 0.40679908172342766, 0.2945149787986064], "id": "8617fc907ff8cb36597976c675750537", "numVertices": 11187, "min": [-0.883325, 0.00051054, 0.0]}
