{"max": [0.0, 0.920814, 2.58176], "centroid": [-2.0865091032784946, 0.5613653948752353, 2.078693832382205], "id": "ac96d2fa0e2052a790a9ce3e4b15521e", "numVertices": 8937, "min": [-3.42719, 0.0, 0.0]}
