{"max": [-2.98023e-08, 0.755078, 0.574502], "centroid": [-0.3019946263486711, 0.195631695701782, 0.2801907917352577], "id": "5e5d9a681b53ee0d3b8d5c0ebdd194c8", "numVertices": 13145, "min": [-0.603955, 0.0, -5.96046e-08]}
