{"max": [-13.503, 1.05085, -3.27217], "centroid": [-13.948676452837377, 0.5992359802394618, -3.6323593925824915], "id": "49a60133d6b05b8d19fb4103277a6b93", "numVertices": 10273, "min": [-14.3944, 0.260828, -4.09767]}
