{"max": [4.2782, 0.8633, 0.59907], "centroid": [2.642450127086204, 0.29684643962946233, -0.1791635743224624], "id": "36980a6d57dac873d206493eaec9688a", "numVertices": 6531, "min": [1.1679, -6.3e-05, -1.85118]}
