{"max": [0.0629284, 0.932676, 0.940915], "centroid": [-0.9383067243209178, 0.589891738796564, 0.6206443494555883], "id": "d6176ad267c3ef92f51f77a6d7299806", "numVertices": 1745, "min": [-1.89321, 0.0, -0.0171563]}
