{"max": [5.17538, 11.571, -1.00563], "centroid": [3.1923920512820505, 5.579129871794872, -2.710870512820514], "id": "b559688f7af76ff5466127bf535bd761", "numVertices": 78, "min": [1.02724, 0.0, -6.15672]}
