{"max": [3.50056, 0.900847, -0.831069], "centroid": [2.4002566746533387, 0.42178349492007616, -1.197935786908638], "id": "45d3384ab8d5b6295637fc0f4b98e88b", "numVertices": 19616, "min": [1.49085, 0.0, -1.82883]}
