{"max": [0.0, 1.03416, 0.925631], "centroid": [-0.8183767652705066, 0.6013694921465967, 0.45164184635253124], "id": "6b8908f72b78ddddf51f77a6d7299806", "numVertices": 1146, "min": [-1.65194, 0.0, 0.0]}
