{"max": [0.0113763, 0.951532, -0.293081], "centroid": [-0.31535405855243553, 0.1461666848059454, -0.5650710933113119], "id": "f8594a24176f732b4c7e2600dbaebf40", "numVertices": 1211, "min": [-0.639499, 0.0, -0.912206]}
