{"max": [-3.81, 1894.19, 8.08365e-13], "centroid": [-2073.9035348039233, 1317.1163137254894, -989.7752450980344], "id": "2b4de06792ec0eba94141819f1b9662c", "numVertices": 408, "min": [-4400.26, 0.0, -2409.2]}
