{"max": [1.2192, 0.6096, 0.00517652], "centroid": [0.44081192000000075, 0.3840410533333333, -0.2488559370666666], "id": "d5a7ae84e93368c28b015826dff11d35", "numVertices": 150, "min": [0.0, 0.0, -0.762955]}
