{"max": [0.0, 0.4, 0.553983], "centroid": [-0.5488395493982623, 0.32010858576495793, 0.2746930379708085], "id": "992899a16779bdc99f8c3d2002c77ddb", "numVertices": 17197, "min": [-1.105, 0.0, -0.00398312]}
