{"max": [0.0384551, 0.758825, 0.508], "centroid": [-0.22478495815046698, 0.3223216579227733, 0.3592361865778972], "id": "58ef4177c711f38fe302d4da760c718f", "numVertices": 1502, "min": [-0.495655, -0.6096, 0.0]}
