{"max": [-5.9604, 0.800245, 0.722621], "centroid": [-6.978095311111109, 0.3959484310666666, 0.28802481111111117], "id": "33384d4600a8bd0ad88a7002dfb37846", "numVertices": 450, "min": [-8.03179, 0.00168773, -0.345274]}
