{"max": [0.709407, 0.8879, 0.498992], "centroid": [-0.006049923347950498, 0.5745971876034305, -0.04376442776930414], "id": "5ad772a3c728b948d329896bbf26eda9", "numVertices": 2098, "min": [-0.720595, -3.86e-07, -0.444604]}
