{"max": [-6.81469, 2.31221, 0.9738], "centroid": [-8.402135373897845, 1.5035119993468946, 0.5439338000881729], "id": "a3ec914d44cd2bd8498bd5a555c21b1c", "numVertices": 9187, "min": [-9.97711, 0.889409, 0.0]}
