{"max": [0.0, 243.229, 151.697], "centroid": [-69.39928086558962, 117.41530042676136, 54.460145854943015], "id": "4f24a67f85e71e144719088c8e42c6ab", "numVertices": 5519, "min": [-141.483, 0.0, 0.0]}
