{"max": [-3.52702, 0.840726, -4.99485], "centroid": [-3.9020199999999985, 0.4103748831168829, -5.484169610389613], "id": "1825f6f71e68da9da36af77e45b32071", "numVertices": 154, "min": [-4.27702, -0.035679, -6.14572]}
