{"max": [-4.00226, 0.3556, 2.74471], "centroid": [-4.563898188622748, 0.22258369333652656, 2.1976185179640684], "id": "7bbf01c219dd51fd7d8864caa856253b", "numVertices": 668, "min": [-5.1269, -0.000938657, 1.64651]}
